last_name,first_name,party,bundesland,wahlkreis,wahlkreis_nr,twitter,name_matching
Abercron,Dr. Michael von,CDU/CSU,Schleswig-Holstein,Pinneberg,7.0,mvabercron,Michael Abercron
Achelwilm,Doris,Die Linke,,,,doris_achelwilm,Doris Achelwilm
Aggelidis,Grigorios,FDP,Niedersachsen,Hannover-Land I,43.0,aggelidis_fdp,Grigorios Aggelidis
Akbulut,Gökay,Die Linke,Baden-Württemberg,Mannheim,275.0,akbulutgokay,Gokay Akbulut
Albani,Stephan,CDU/CSU,Niedersachsen,Oldenburg – Ammerland,27.0,,Stephan Albani
Alt,Renata,FDP,,,,,Renata Alt
Altenkamp,Norbert,CDU/CSU,Hessen,Main-Taunus,181.0,,Norbert Altenkamp
Altmaier,Peter,CDU/CSU,Saarland,Saarlouis,297.0,peteraltmaier,Peter Altmaier
Amthor,Philipp,CDU/CSU,Mecklenburg-Vorpommern,Mecklenburgische Seenplatte I – Vorpommern-Greifswald II,16.0,,Philipp Amthor
Amtsberg,Luise,Bündnis 90/Die Grünen,,,,,Luise Amtsberg
Andreae,Kerstin,Bündnis 90/Die Grünen  *,Baden-Württemberg,Freiburg,281.0,,Kerstin Andreae
Annen,Niels,SPD,Hamburg,Hamburg-Eimsbüttel,20.0,NielsAnnen,Niels Annen
Arndt-Brauer,Ingrid,SPD,Nordrhein-Westfalen,Steinfurt I – Borken I,124.0,,Ingrid Arndt-Brauer
Aschenberg-Dugnus,Christine,FDP,Schleswig-Holstein,Rendsburg-Eckernförde,4.0,cad59,Christine Aschenberg-Dugnus
Auernhammer,Artur,CDU/CSU,Bayern,Ansbach,241.0,,Artur Auernhammer
Aumer,Peter,CDU/CSU,Bayern,Regensburg,233.0,PeterAumer,Peter Aumer
Bach,Bela,SPD,,,,bela_bach,Bela Bach
Badum,Lisa,Bündnis 90/Die Grünen,Bayern,Bamberg,236.0,badulrichmartha,Lisa Badum
Baehrens,Heike,SPD,,,,,Heike Baehrens
Bär,Dorothee,CDU/CSU,Bayern,Bad Kissingen,248.0,DoroBaer,Dorothee Bar
Baerbock,Annalena,Bündnis 90/Die Grünen,Brandenburg,Potsdam – Potsdam-Mittelmark II – Teltow-Fläming II,61.0,ABaerbock,Annalena Baerbock
Bahr,Ulrike,SPD,Bayern,Augsburg-Stadt,252.0,MdB_Ulrike_Bahr,Ulrike Bahr
Baradari,Nezahat,SPD,Nordrhein-Westfalen,Olpe – Märkischer Kreis I,149.0,,Nezahat Baradari
Bareiß,Thomas,CDU/CSU,Baden-Württemberg,Zollernalb – Sigmaringen,295.0,Thomas_Bareiss,Thomas Bareiss
Barley,Dr. Katarina,SPD  *,,,,,Katarina Barley
Barnett,Doris,SPD,Rheinland-Pfalz,Ludwigshafen/Frankenthal,207.0,,Doris Barnett
Barrientos,Simone,Die Linke,Bayern,Würzburg,251.0,SBarrientosK,Simone Barrientos
Barthle,Norbert,CDU/CSU,Baden-Württemberg,Backnang – Schwäbisch Gmünd,269.0,,Norbert Barthle
Bartke,Dr. Matthias,SPD,Hamburg,Hamburg-Altona,19.0,matthiasbartke ,Matthias Bartke
Bartol,Sören,SPD,Hessen,Marburg,171.0,soerenbartol,Soren Bartol
Bartsch,Dr. Dietmar,Die Linke,,,,DietmarBartsch,Dietmar Bartsch
Bas,Bärbel,SPD,Nordrhein-Westfalen,Duisburg I,115.0,baerbelbas,Barbel Bas
Bauer,Nicole,FDP,Bayern,Landshut,228.0,nicole_ae_bauer,Nicole Bauer
Baumann,Dr. Bernd,AfD,Hamburg,Hamburg-Altona,19.0,berndbaumannafd,Bernd Baumann
Bause,Margarete,Bündnis 90/Die Grünen,Bayern,München-Ost,218.0,MargareteBause,Margarete Bause
Bayaz,Dr. Danyal,Bündnis 90/Die Grünen,Baden-Württemberg,Bruchsal – Schwetzingen,278.0,derdanyal,Danyal Bayaz
Bayram,Canan,Bündnis 90/Die Grünen,Berlin,Berlin-Friedrichshain-Kreuzberg – Prenzlauer Berg Ost,83.0,LieblingXhain,Canan Bayram
Beeck,Jens,FDP,Niedersachsen,Mittelems,31.0,jensbeeck,Jens Beeck
Beer,Nicola,FDP  *,Hessen,Frankfurt am Main I,182.0,,Nicola Beer
Beermann,Maik,CDU/CSU,Niedersachsen,Nienburg II – Schaumburg,40.0,MaikBeermann,Maik Beermann
Behrens (Börde),Manfred,CDU/CSU,Sachsen-Anhalt,Börde – Jerichower Land,67.0,Manfredbehrens,Manfred Behrens
Bellmann,Veronika,CDU/CSU,,,,,Veronika Bellmann
Benning,Sybille,CDU/CSU,Nordrhein-Westfalen,Münster,129.0,SybilleBenning,Sybille Benning
Berghegger,Dr. André,CDU/CSU,Niedersachsen,Osnabrück-Land,38.0,,Andre Berghegger
Bernhard,Marc,AfD,Baden-Württemberg,Karlsruhe-Stadt,271.0,MarcBernhardAfD,Marc Bernhard
Bernstein,Melanie,CDU/CSU,,,,,Melanie Bernstein
Bernstiel,Christoph,CDU/CSU,Sachsen-Anhalt,Halle,72.0,c_bernstiel,Christoph Bernstiel
Beutin,Lorenz Gösta,Die Linke,Schleswig-Holstein,Plön – Neumünster,6.0,lgbeutin,Lorenz Beutin
Beyer,Peter,CDU/CSU,Nordrhein-Westfalen,Mettmann II,105.0,Peter_Beyer,Peter Beyer
Biadacz,Marc,CDU/CSU,Baden-Württemberg,Böblingen,260.0,MBiadaczMdB,Marc Biadacz
Bilger,Steffen,CDU/CSU,Baden-Württemberg,Ludwigsburg,265.0,steffenbilger,Steffen Bilger
Binding (Heidelberg),Lothar,SPD,,,,lothar_binding,Lothar Binding
Birkwald,Matthias W.,Die Linke,Nordrhein-Westfalen,Köln II,94.0,MWBirkwald,Matthias Birkwald
Bleck,Andreas,AfD,Rheinland-Pfalz,Neuwied,197.0,AndreasBleckMdB,Andreas Bleck
Bleser,Peter,CDU/CSU,Rheinland-Pfalz,Mosel/Rhein-Hunsrück,200.0,,Peter Bleser
Bluhm-Förster,Heidrun,Die Linke,Mecklenburg-Vorpommern,Mecklenburgische Seenplatte II – Landkreis Rostock III,17.0,,Heidrun Bluhm-Forster
Boehringer,Peter,AfD,Bayern,Amberg,232.0,PeterBoehringer,Peter Boehringer
Brackmann,Norbert,CDU/CSU,Schleswig-Holstein,Herzogtum Lauenburg – Stormarn-Süd,10.0,,Norbert Brackmann
Brand (Fulda),Michael,CDU/CSU,Hessen,Fulda,174.0,,Michael Brand
Brandenburg (Rhein-Neckar),Dr. Jens,FDP,Baden-Württemberg,Rhein-Neckar,277.0,JBrandenburgFDP,Jens Brandenburg
Brandenburg (Südpfalz),Mario,FDP,Rheinland-Pfalz,Südpfalz,211.0,,Mario Brandenburg
Brandl,Dr. Reinhard,CDU/CSU,Bayern,Ingolstadt,216.0,,Reinhard Brandl
Brandner,Stephan,AfD,Thüringen,Erfurt – Weimar – Weimarer Land II,193.0,stbrandner,Stephan Brandner
Brandt,Michel,Die Linke,Baden-Württemberg,Karlsruhe-Stadt,271.0,michel_brandt_,Michel Brandt
Brantner,Dr. Franziska,Bündnis 90/Die Grünen,Baden-Württemberg,Heidelberg,274.0,fbrantner,Franziska Brantner
Brauksiepe,Dr. Ralf,CDU/CSU  *,Nordrhein-Westfalen,Ennepe-Ruhr-Kreis II,139.0,,Ralf Brauksiepe
Braun,Prof. Dr. Helge,CDU/CSU,Hessen,Gießen,173.0,HBraun,Helge Braun
Braun,Jürgen,AfD,Baden-Württemberg,Waiblingen,264.0,JuergenBraunAfD,Jurgen Braun
Brecht,Dr. Eberhard,SPD,Sachsen-Anhalt,Harz,68.0,,Eberhard Brecht
Breher,Silvia,CDU/CSU,,,,,Silvia Breher
Brehm,Sebastian,CDU/CSU,Bayern,Nürnberg-Nord,244.0,brehm_innbgnord,Sebastian Brehm
Brehmer,Heike,CDU/CSU,Sachsen-Anhalt,Harz,68.0,HeikeBrehmerMdB,Heike Brehmer
Breymaier,Leni,SPD,Baden-Württemberg,Aalen – Heidenheim,270.0,LeniBreymaier,Leni Breymaier
Brinkhaus,Ralph,CDU/CSU,Nordrhein-Westfalen,Gütersloh I,131.0,rbrinkhaus,Ralph Brinkhaus
Brodesser,Dr. Carsten,CDU/CSU,Nordrhein-Westfalen,Oberbergischer Kreis,99.0,,Carsten Brodesser
Brugger,Agnieszka,Bündnis 90/Die Grünen,Baden-Württemberg,Ravensburg,294.0,agnieszka_mdb,Agnieszka Brugger
Brunner,Dr. Karl-Heinz,SPD,Bayern,Neu-Ulm,255.0,brunnerganzohr,Karl-Heinz Brunner
Bubendorfer-Licht,Sandra,FDP,,,,,Sandra Bubendorfer-Licht
Buchholz,Dr. Bernd,FDP  ***,Schleswig-Holstein,Herzogtum Lauenburg – Stormarn-Süd,10.0,,Bernd Buchholz
Buchholz,Christine,Die Linke,,,,ch_buchholz,Christine Buchholz
Budde,Katrin,SPD,Sachsen-Anhalt,Mansfeld,74.0,,Katrin Budde
Bühl,Marcus,AfD,Thüringen,,,Marcus_Buehl,Marcus Buhl
Bülow,Marco,fraktionslos,Nordrhein-Westfalen,Dortmund I,142,,Marco Bulow
Büttner,Matthias,AfD,Sachsen-Anhalt,Altmark,66,Buettner_MdB,Matthias Buttner
Bull-Bischoff,Dr. Birke,Die Linke,,,,,Birke Bull-Bischoff
Burkert,Martin,SPD  *,Bayern,Nürnberg-Süd,245,,Martin Burkert
Buschmann,Dr. Marco,FDP,Nordrhein-Westfalen,Gelsenkirchen,123,,Marco Buschmann
Busen,Karlheinz,FDP,Nordrhein-Westfalen,Borken II,126,,Karlheinz Busen
Bystron,Petr,AfD,Bayern,München-Nord,217,BystronAfD,Petr Bystron
Castellucci,Prof. Dr. Lars,SPD,,,,larscastellucci,Lars Castellucci
Cezanne,Jörg,Die Linke,Hessen,Groß-Gerau,184,,Jorg Cezanne
Christmann,Dr. Anna,Bündnis 90/Die Grünen,Baden-Württemberg,Stuttgart II,259,annachristmann,Anna Christmann
Chrupalla,Tino,AfD,Sachsen,Görlitz,157,Tino_Chrupalla,Tino Chrupalla
Connemann,Gitta,CDU/CSU,Niedersachsen,Unterems,25,gitta_connemann,Gitta Connemann
Cotar,Joana,AfD,Hessen,,,JoanaCotar,Joana Cotar
Cronenberg,Carl-Julius,FDP,Nordrhein-Westfalen,Hochsauerlandkreis,147,,Carl-Julius Cronenberg
Curio,Dr. Gottfried,AfD,Berlin,,,GottfriedCurio,Gottfried Curio
Dahmen,Dr. Janosch,Bündnis 90/Die Grünen,Nordrhein-Westfalen,Ennepe-Ruhr-Kreis II,139,janoschdahmen,Janosch Dahmen
Daldrup,Bernhard,SPD,Nordrhein-Westfalen,Warendorf,130,,Bernhard Daldrup
Damerow,Astrid,CDU/CSU,Schleswig-Holstein,Nordfriesland – Dithmarschen Nord,2,,Astrid Damerow
Dassler,Britta Katharina,FDP,Bayern,Erlangen,242,,Britta Dassler
Dağdelen,Sevim,Die Linke,Nordrhein-Westfalen,Bochum I,140,SevimDagdelen,Sevim Dagdelen
De Masi,Fabio,Die Linke,Hamburg,,,Fabiodemasi,Fabio De
De Ridder,Dr. Daniela,SPD,Niedersachsen,Mittelems,31,,Daniela De
Dehm,Dr. Diether,Die Linke,,,,Diether_Dehm,Diether Dehm
Deligöz,Ekin,Bündnis 90/Die Grünen,Bayern,Neu-Ulm,255,ekindeligoez,Ekin Deligoz
Diaby,Dr. Karamba,SPD,Sachsen-Anhalt,Halle,72,KarambaDiaby,Karamba Diaby
Dilcher,Esther,SPD,Hessen,Waldeck,167,,Esther Dilcher
Dittmar,Sabine,SPD,Bayern,Bad Kissingen,248,dittmarsabine,Sabine Dittmar
Djir-Sarai,Bijan,FDP,,,,,Bijan Djir-Sarai
Dobrindt,Alexander,CDU/CSU,Bayern,Weilheim,226,,Alexander Dobrindt
Dörner,Katja,Bündnis 90/Die Grünen  *,Nordrhein-Westfalen,Bonn,96,,Katja Dorner
Dött,Marie-Luise,CDU/CSU,Nordrhein-Westfalen,Oberhausen – Wesel III,117,,Marie-Luise Dott
Domscheit-Berg,Anke,Die Linke,,,,anked,Anke Domscheit-Berg
Donth,Michael,CDU/CSU,,,,,Michael Donth
Dröge,Katharina,Bündnis 90/Die Grünen,Nordrhein-Westfalen,Köln III,95,katdro,Katharina Droge
Droese,Siegbert,AfD,Sachsen,Leipzig II,153,Siegbert_Droese,Siegbert Droese
Dürr,Christian,FDP,Niedersachsen,Delmenhorst – Wesermarsch – Oldenburg-Land,28,christianduerr,Christian Durr
Durz,Hansjörg,CDU/CSU,Bayern,Augsburg-Land,253,Hansjoerg_Durz,Hansjorg Durz
Ebbing,Hartmut,FDP,Berlin,Berlin-Steglitz-Zehlendorf,79,,Hartmut Ebbing
Ebner,Harald,Bündnis 90/Die Grünen,Baden-Württemberg,Schwäbisch Hall – Hohenlohe,268,ebner_sha,Harald Ebner
Ehrhorn,Thomas,AfD,Niedersachsen,Celle – Uelzen,44,Thomas_Ehrhorn,Thomas Ehrhorn
Elsner von Gronow,Berengar,AfD,Nordrhein-Westfalen,Soest,146,,Berengar Elsner
Erndl,Thomas,CDU/CSU,Bayern,Deggendorf,227,TErndl,Thomas Erndl
Ernst,Klaus,Die Linke,Bayern,Schweinfurt,250,ernst_klaus,Klaus Ernst
Esdar,Dr. Wiebke,SPD,Nordrhein-Westfalen,Bielefeld – Gütersloh II,132,,Wiebke Esdar
Esken,Saskia,SPD,Baden-Württemberg,Calw,280,EskenSaskia,Saskia Esken
Espendiller,Dr. Michael,AfD,Nordrhein-Westfalen,Steinfurt III,128,EspendillerM,Michael Espendiller
Faber,Dr. Marcus,FDP,Sachsen-Anhalt,Altmark,66,marcusfaber,Marcus Faber
Färber,Hermann,CDU/CSU,Baden-Württemberg,Göppingen,263,,Hermann Farber
Fahimi,Yasmin,SPD,Niedersachsen,Stadt Hannover II,42,,Yasmin Fahimi
Fechner,Dr. Johannes,SPD,,,,FechnerJohannes,Johannes Fechner
Feiler,Uwe,CDU/CSU,Brandenburg,Oberhavel – Havelland II,58,UweFe,Uwe Feiler
Felgentreu,Dr. Fritz,SPD,Berlin,Berlin-Neukölln,82,fritzfelgentreu,Fritz Felgentreu
Felser,Peter,AfD,Bayern,Oberallgäu,256,PeterFelser,Peter Felser
Ferlemann,Enak,CDU/CSU,,,,,Enak Ferlemann
Ferschl,Susanne,Die Linke,Bayern,Ostallgäu,257,,Susanne Ferschl
Fischer (Karlsruhe-Land),Axel E.,CDU/CSU,Baden-Württemberg,Karlsruhe-Land,272,Axel_Fischer,Axel Fischer
Flachsbarth,Dr. Maria,CDU/CSU,Niedersachsen,Hannover-Land II,47,,Maria Flachsbarth
Föst,Daniel,FDP,Bayern,München-Nord,217,dfoest,Daniel Fost
Franke,Dr. Edgar,SPD,Hessen,Schwalm-Eder,170,FrankeEdgar,Edgar Franke
Freese,Ulrich,SPD,Brandenburg,Cottbus – Spree-Neiße,64,ulifreese,Ulrich Freese
Frei,Thorsten,CDU/CSU,,,,thorsten_frei,Thorsten Frei
Freihold,Brigitte,Die Linke,Rheinland-Pfalz,Pirmasens,210,mdb_freihold,Brigitte Freihold
Freitag,Dagmar,SPD,,,,DagmarFreitag13,Dagmar Freitag
Freudenstein,Dr. Astrid,CDU/CSU  *,Bayern,,,,Astrid Freudenstein
Fricke,Otto,FDP,Nordrhein-Westfalen,Krefeld I – Neuss II,110,Otto_Fricke,Otto Fricke
Friedhoff,Dietmar,AfD,Niedersachsen,Hannover-Land I,43,friedhoff_afd,Dietmar Friedhoff
Friedrich (Hof),Dr. Hans-Peter,CDU/CSU,Bayern,Hof,239,HPFriedrichCSU,Hans-Peter Friedrich
Friesen,Dr. Anton,AfD,Thüringen,,,DrFriesenMdB,Anton Friesen
Frieser,Michael,CDU/CSU,,,,MichaelFrieser,Michael Frieser
Frömming,Dr. Götz,AfD,Berlin,,,gtzfrmming,Gotz Fromming
Frohnmaier,Markus,AfD,Baden-Württemberg,Böblingen,260,frohnmaier_afd,Markus Frohnmaier
Fuchtel,Hans-Joachim,CDU/CSU,Baden-Württemberg,Calw,280,fuchtel,Hans-Joachim Fuchtel
Gabelmann,Sylvia,Die Linke,,,,,Sylvia Gabelmann
Gabriel,Sigmar,SPD  *,Niedersachsen,Salzgitter – Wolfenbüttel,49,,Sigmar Gabriel
Gädechens,Ingo,CDU/CSU,Schleswig-Holstein,Ostholstein – Stormarn-Nord,9,,Ingo Gadechens
Gastel,Matthias,Bündnis 90/Die Grünen,Baden-Württemberg,Nürtingen,262,MatthiasGastel,Matthias Gastel
Gauland,Dr. Alexander,AfD,Brandenburg,Frankfurt (Oder) – Oder-Spree,63,,Alexander Gauland
Gebhart,Dr. Thomas,CDU/CSU,Rheinland-Pfalz,Südpfalz,211,thomasgebhart,Thomas Gebhart
Gehring,Kai,Bündnis 90/Die Grünen,Nordrhein-Westfalen,Essen III,120,KaiGehring,Kai Gehring
Gehrke,Prof. Dr. Axel,AfD,Schleswig-Holstein,Ostholstein – Stormarn-Nord,9,axelgehrke,Axel Gehrke
Gelbhaar,Stefan,Bündnis 90/Die Grünen,,,,StefanGelbhaar,Stefan Gelbhaar
Gerdes,Michael,SPD,Nordrhein-Westfalen,Bottrop – Recklinghausen III,125,,Michael Gerdes
Gerig,Alois,CDU/CSU,Baden-Württemberg,Odenwald – Tauber,276,,Alois Gerig
Gerster,Martin,SPD,Baden-Württemberg,Biberach,292,,Martin Gerster
Gienger,Eberhard,CDU/CSU,Baden-Württemberg,Neckar-Zaber,266,,Eberhard Gienger
Glaser,Albrecht,AfD,,,,,Albrecht Glaser
Glöckner,Angelika,SPD,Rheinland-Pfalz,Pirmasens,210,A_Gloeckner,Angelika Glockner
Gminder,Franziska,AfD,Baden-Württemberg,,,,Franziska Gminder
Gnodtke,Eckhard,CDU/CSU,,,,,Eckhard Gnodtke
Göring-Eckardt,Katrin,Bündnis 90/Die Grünen,Thüringen,Erfurt – Weimar – Weimarer Land II,193,GoeringEckardt,Katrin Goring-Eckardt
Gohlke,Nicole,Die Linke,Bayern,München-Süd,219,NicoleGohlke,Nicole Gohlke
Gottberg,Wilhelm von,AfD,Niedersachsen,,,,Wilhelm Gottberg
Gottschalk,Kay,AfD,,,,kaygottschalk1,Kay Gottschalk
Gremmels,Timon,SPD,,,,Timon_Gremmels,Timon Gremmels
Griese,Kerstin,SPD,Nordrhein-Westfalen,Mettmann II,105,KerstinGriese,Kerstin Griese
Groden-Kranich,Ursula,CDU/CSU,Rheinland-Pfalz,Mainz,205,,Ursula Groden-Kranich
Gröhe,Hermann,CDU/CSU,Nordrhein-Westfalen,Neuss I,108,groehe,Hermann Grohe
Gröhler,Klaus-Dieter,CDU/CSU,Berlin,Berlin-Charlottenburg-Wilmersdorf,80,,Klaus-Dieter Grohler
Grötsch,Uli,SPD,Bayern,Weiden,235,UliGroetsch,Uli Grotsch
Groß,Michael,SPD,Nordrhein-Westfalen,Recklinghausen II,122,michaelgrossmdb,Michael Gross
Grosse-Brömer,Michael,CDU/CSU,,,,MGrosseBroemer,Michael Grosse-Bromer
Grotelüschen,Astrid,CDU/CSU,Niedersachsen,Delmenhorst – Wesermarsch – Oldenburg-Land,28,,Astrid Groteluschen
Grübel,Markus,CDU/CSU,Baden-Württemberg,Esslingen,261,GruebelMdb,Markus Grubel
Grütters,Prof. Monika,CDU/CSU,Berlin,Berlin-Marzahn-Hellersdorf,85,,Monika Grutters
Grund,Manfred,CDU/CSU,Thüringen,Eichsfeld – Nordhausen – Kyffhäuserkreis,189,manfred_grund,Manfred Grund
Grundl,Erhard,Bündnis 90/Die Grünen,Bayern,Straubing,231,Erhard_Grundl,Erhard Grundl
Grundmann,Oliver,CDU/CSU,Niedersachsen,Stade I – Rotenburg II,30,,Oliver Grundmann
Güntzler,Fritz,CDU/CSU,Niedersachsen,Göttingen,53,FGuentzler,Fritz Guntzler
Gutting,Olav,CDU/CSU,,,,olavgutting,Olav Gutting
Gysi,Dr. Gregor,Die Linke,Berlin,Berlin-Treptow-Köpenick,84,GregorGysi,Gregor Gysi
Haase,Christian,CDU/CSU,Nordrhein-Westfalen,Höxter – Lippe II,136,ChristianHaase6,Christian Haase
Hacker,Thomas,FDP,Bayern,Bayreuth,237,,Thomas Hacker
Hänsel,Heike,Die Linke,Baden-Württemberg,Tübingen,290,HeikeHaensel,Heike Hansel
Hagedorn,Bettina,SPD,Schleswig-Holstein,Ostholstein – Stormarn-Nord,9,,Bettina Hagedorn
Hagl-Kehl,Rita,SPD,Bayern,Deggendorf,227,RitaHaglKehl,Rita Hagl-Kehl
Hahn,Dr. André,Die Linke,Sachsen,Sächsische Schweiz-Osterzgebirge,158,,Andre Hahn
Hahn,Florian,CDU/CSU,Bayern,München-Land,221,hahnflo,Florian Hahn
Hajduk,Anja,Bündnis 90/Die Grünen,Hamburg,Hamburg-Nord,21,HajdukBundestag,Anja Hajduk
Hakverdi,Metin,SPD,Hamburg,Hamburg-Bergedorf – Harburg,23,MetinHakverdi,Metin Hakverdi
Hampel,Armin-Paulus,AfD,Niedersachsen,Hameln-Pyrmont – Holzminden,46,,Armin-Paulus Hampel
Hanke,Reginald,FDP,Thüringen,Saalfeld-Rudolstadt – Saale-Holzland-Kreis – Saale-Orla-Kreis,195,,Reginald Hanke
Harbarth,Dr. Stephan,CDU/CSU  *,,,,,Stephan Harbarth
Harder-Kühnel,Mariana Iris,AfD,Hessen,Main-Kinzig – Wetterau II – Schotten,175,M_HarderKuehnel,Mariana Harder-Kuhnel
Hardt,Jürgen,CDU/CSU,Nordrhein-Westfalen,Solingen – Remscheid – Wuppertal II,103,juergenhardt,Jurgen Hardt
Hartmann,Sebastian,SPD,Nordrhein-Westfalen,Rhein-Sieg-Kreis I,97,sebast_hartmann,Sebastian Hartmann
Hartmann,Verena,fraktionslos,Sachsen,,,,Verena Hartmann
Hartwig,Dr. Roland,AfD,Nordrhein-Westfalen,Rheinisch-Bergischer Kreis,100,R_Hartwig_AfD,Roland Hartwig
Haßelmann,Britta,Bündnis 90/Die Grünen,Nordrhein-Westfalen,Bielefeld – Gütersloh II,132,BriHasselmann,Britta Hasselmann
Hauer,Matthias,CDU/CSU,Nordrhein-Westfalen,Essen III,120,MatthiasHauer,Matthias Hauer
Haug,Jochen,AfD,Nordrhein-Westfalen,Köln II,94,Jochen_Haug,Jochen Haug
Hauptmann,Mark,CDU/CSU,Thüringen,Suhl – Schmalkalden-Meiningen – Hildburghausen – Sonneberg,196,MarkHauptmann,Mark Hauptmann
Hebner,Martin,AfD,,,,,Martin Hebner
Heidenblut,Dirk,SPD,Nordrhein-Westfalen,Essen II,119,DHeidenblut,Dirk Heidenblut
Heider,Dr. Matthias,CDU/CSU,,,,MatthiasHeider,Matthias Heider
Heidt,Peter,FDP,Hessen,Wetterau I,177,PeterHeidtFDP,Peter Heidt
Heil (Peine),Hubertus,SPD,Niedersachsen,Gifhorn – Peine,45,hubertus_heil,Hubertus Heil
Heil,Mechthild,CDU/CSU,Rheinland-Pfalz,Ahrweiler,198,mechthildheil,Mechthild Heil
Heilmann,Thomas,CDU/CSU,,,,ThomasHeilmann,Thomas Heilmann
Heinrich (Chemnitz),Frank,CDU/CSU,Sachsen,Chemnitz,162,frankheinrich,Frank Heinrich
Heinrich,Gabriela,SPD,Bayern,Nürnberg-Nord,244,gaheinrich,Gabriela Heinrich
Held,Marcus,SPD,Rheinland-Pfalz,Worms,206,MarcusHeld_SPD,Marcus Held
Helfrich,Mark,CDU/CSU,Schleswig-Holstein,Steinburg – Dithmarschen Süd,3,,Mark Helfrich
Helling-Plahr,Katrin,FDP,Nordrhein-Westfalen,Hagen – Ennepe-Ruhr-Kreis I,138,KatrinHelling,Katrin Helling-Plahr
Hellmich,Wolfgang,SPD,Nordrhein-Westfalen,Soest,146,HellmichMdB,Wolfgang Hellmich
Hemmelgarn,Udo Theodor,AfD,Nordrhein-Westfalen,Gütersloh I,131,UdoHemmelgarn,Udo Hemmelgarn
Hendricks,Dr. Barbara,SPD,Nordrhein-Westfalen,Kleve,112,,Barbara Hendricks
Henke,Rudolf,CDU/CSU,Nordrhein-Westfalen,Aachen I,87,,Rudolf Henke
Hennrich,Michael,CDU/CSU,Baden-Württemberg,Nürtingen,262,,Michael Hennrich
Henrichmann,Marc,CDU/CSU,Nordrhein-Westfalen,Coesfeld – Steinfurt II,127,MarcHenrichmann,Marc Henrichmann
Herbrand,Markus,FDP,,,,,Markus Herbrand
Herbst,Torsten,FDP,Sachsen,Bautzen I,156,torstenherbst,Torsten Herbst
Herdt,Waldemar,AfD,Niedersachsen,Osnabrück-Land,38,WaldemarHerdt,Waldemar Herdt
Herrmann,Lars,fraktionslos,,,,,Lars Herrmann
Herzog,Gustav,SPD,Rheinland-Pfalz,Kaiserslautern,209,,Gustav Herzog
Hess,Martin,AfD,Baden-Württemberg,Ludwigsburg,265,Martin_Hess_AfD,Martin Hess
Hessel,Katja,FDP,,,,,Katja Hessel
Heßenkemper,Prof. Dr. Heiko,AfD,Sachsen,Mittelsachsen,161,,Heiko Hessenkemper
Heveling,Ansgar,CDU/CSU,Nordrhein-Westfalen,Krefeld I – Neuss II,110,,Ansgar Heveling
Hiller-Ohm,Gabriele,SPD,Schleswig-Holstein,Lübeck,11,GabiHillerOhm,Gabriele Hiller-Ohm
Hilse,Karsten,AfD,,,,HilseMdb,Karsten Hilse
Hirte,Christian,CDU/CSU,Thüringen,Eisenach – Wartburgkreis – Unstrut-Hainich-Kreis,190,christianhirte,Christian Hirte
Hirte,Prof. Dr. Heribert,CDU/CSU,Nordrhein-Westfalen,Köln II,94,HHirte,Heribert Hirte
Hitschler,Thomas,SPD,Rheinland-Pfalz,Südpfalz,211,thomashitschler,Thomas Hitschler
Hocker,Dr. Gero Clemens,FDP,,,,,Gero Hocker
Höchst,Nicole,AfD,Rheinland-Pfalz,Kreuznach,201,Nicole_Hoechst,Nicole Hochst
Höferlin,Manuel,FDP,Rheinland-Pfalz,Worms,206,ManuelHoeferlin,Manuel Hoferlin
Högl,Dr. Eva,SPD  *,Berlin,Berlin-Mitte,75,,Eva Hogl
Höhn,Matthias,Die Linke,Sachsen-Anhalt,Altmark,66,matthiashoehn,Matthias Hohn
Hoffmann,Alexander,CDU/CSU,Bayern,Main-Spessart,249,,Alexander Hoffmann
Hoffmann,Dr. Bettina,Bündnis 90/Die Grünen,Hessen,Schwalm-Eder,170,bhoffmann_mdb,Bettina Hoffmann
Hoffmann,Dr. Christoph,FDP,Baden-Württemberg,Lörrach – Müllheim,282,HoffmannForest,Christoph Hoffmann
Hofreiter,Dr. Anton,Bündnis 90/Die Grünen,Bayern,München-Land,221,,Anton Hofreiter
Hohmann,Martin,AfD,Hessen,Fulda,174,HohmannMdb,Martin Hohmann
Hollnagel,Dr. Bruno,AfD,Schleswig-Holstein,Herzogtum Lauenburg – Stormarn-Süd,10,DrHollnagel,Bruno Hollnagel
Holm,Leif-Erik,AfD,Mecklenburg-Vorpommern,Vorpommern-Rügen – Vorpommern-Greifswald I,15,Leif_Erik_Holm,Leif-Erik Holm
Holmeier,Karl,CDU/CSU,,,,,Karl Holmeier
Holtz,Ottmar von,Bündnis 90/Die Grünen,Niedersachsen,Hildesheim,48,owvonholtz,Ottmar Holtz
Hoppenstedt,Dr. Hendrik,CDU/CSU,Niedersachsen,Hannover-Land I,43,,Hendrik Hoppenstedt
Houben,Reinhard,FDP,Nordrhein-Westfalen,Köln I,93,,Reinhard Houben
Huber,Johannes,AfD,Bayern,Freising,214,HuberMdB,Johannes Huber
Hunko,Andrej,Die Linke,Nordrhein-Westfalen,Aachen I,87,AndrejHunko,Andrej Hunko
Ihnen,Ulla,FDP,Niedersachsen,Stadt Hannover II,42,,Ulla Ihnen
in der Beek,Olaf,FDP,Nordrhein-Westfalen,Bochum I,140,,Olaf in
Irlstorfer,Erich,CDU/CSU,,,,,Erich Irlstorfer
Irmer,Hans-Jürgen,CDU/CSU,,,,,Hans-Jurgen Irmer
Jacobi,Fabian,AfD,Nordrhein-Westfalen,Köln I,93,Jacobi_AfD,Fabian Jacobi
Janecek,Dieter,Bündnis 90/Die Grünen,Bayern,München-West/Mitte,220,DJanecek,Dieter Janecek
Jarzombek,Thomas,CDU/CSU,Nordrhein-Westfalen,Düsseldorf I,106,tj_tweets,Thomas Jarzombek
Jelpke,Ulla,Die Linke,Nordrhein-Westfalen,Dortmund I,142,UllaJelpke,Ulla Jelpke
Jensen,Gyde,FDP,Schleswig-Holstein,,,gydej,Gyde Jensen
Jongen,Dr. Marc,AfD,Baden-Württemberg,Neckar-Zaber,266,Marc_Jongen,Marc Jongen
Jung,Andreas,CDU/CSU,,,,,Andreas Jung
Jung,Dr. Christian,FDP,Baden-Württemberg,Karlsruhe-Land,272,,Christian Jung
Jung,Ingmar,CDU/CSU,Hessen,Wiesbaden,179,Ingmar_Jung,Ingmar Jung
Junge,Frank,SPD,Mecklenburg-Vorpommern,Ludwigslust-Parchim II – Nordwestmecklenburg II – Landkreis Rostock I,13,fjunge,Frank Junge
Juratovic,Josip,SPD,Baden-Württemberg,Heilbronn,267,josip_juratovic,Josip Juratovic
Jurk,Thomas,SPD,,,,,Thomas Jurk
Kaczmarek,Oliver,SPD,Nordrhein-Westfalen,Unna I,144,KaczmarekOliver,Oliver Kaczmarek
Kahrs,Johannes,SPD  *,,,,,Johannes Kahrs
Kaiser,Elisabeth,SPD,Thüringen,Gera – Greiz – Altenburger Land,194,Kaiser_SPD,Elisabeth Kaiser
Kamann,Uwe,fraktionslos,Nordrhein-Westfalen,Oberhausen – Wesel III,117,uwe_kamann,Uwe Kamann
Kappert-Gonther,Dr. Kirsten,Bündnis 90/Die Grünen,Bremen,Bremen I,54,KirstenKappert,Kirsten Kappert-Gonther
Kapschack,Ralf,SPD,Nordrhein-Westfalen,Ennepe-Ruhr-Kreis II,139,,Ralf Kapschack
Karl,Alois,CDU/CSU,Bayern,Amberg,232,,Alois Karl
Karliczek,Anja,CDU/CSU,,,,AnjaKarliczek,Anja Karliczek
Kartes,Torbjörn,CDU/CSU,Rheinland-Pfalz,Ludwigshafen/Frankenthal,207,KartesMdB,Torbjorn Kartes
Kassner,Kerstin,Die Linke,Mecklenburg-Vorpommern,Vorpommern-Rügen – Vorpommern-Greifswald I,15,,Kerstin Kassner
Katzmarek,Gabriele,SPD,,,,gabykatzmarek,Gabriele Katzmarek
Kauder,Volker,CDU/CSU,,,,,Volker Kauder
Kaufmann,Dr. Stefan,CDU/CSU,,,,StefanKaufmann,Stefan Kaufmann
Kekeritz,Uwe,Bündnis 90/Die Grünen,Bayern,Fürth,243,Uwekekeritz,Uwe Kekeritz
Kelber,Ulrich,SPD  *,Nordrhein-Westfalen,Bonn,96,,Ulrich Kelber
Kemmer,Ronja,CDU/CSU,Baden-Württemberg,Ulm,291,RonjaKemmer,Ronja Kemmer
Kemmerich,Thomas L.,FDP  *,,,,,Thomas Kemmerich
Kessler,Dr. Achim,Die Linke,Hessen,Frankfurt am Main I,182,AchimKessler,Achim Kessler
Kestner,Jens,AfD,,,,KestnerJens,Jens Kestner
Keul,Katja,Bündnis 90/Die Grünen,Niedersachsen,Nienburg II – Schaumburg,40,KatjaKeul,Katja Keul
Keuter,Stefan,AfD,Nordrhein-Westfalen,Essen III,120,StefanKeuterAfD,Stefan Keuter
Kiesewetter,Roderich,CDU/CSU,,,,RKiesewetter,Roderich Kiesewetter
Kießling,Michael,CDU/CSU,Bayern,Starnberg – Landsberg am Lech,224,Kiessling_MdB,Michael Kiessling
Kindler,Sven-Christian,Bündnis 90/Die Grünen,Niedersachsen,Stadt Hannover II,42,sven_kindler,Sven-Christian Kindler
Kippels,Dr. Georg,CDU/CSU,Nordrhein-Westfalen,Rhein-Erft-Kreis I,91,,Georg Kippels
Kipping,Katja,Die Linke,Sachsen,Dresden I,159,katjakipping,Katja Kipping
Kiziltepe,Cansel,SPD,Berlin,Berlin-Friedrichshain-Kreuzberg – Prenzlauer Berg Ost,83,CanselK,Cansel Kiziltepe
Klare,Arno,SPD,Nordrhein-Westfalen,Mülheim – Essen I,118,arnoklare,Arno Klare
Klein,Karsten,FDP,Bayern,Aschaffenburg,247,,Karsten Klein
Klein,Volkmar,CDU/CSU,,,,VolkmarKlein,Volkmar Klein
Klein-Schmeink,Maria,Bündnis 90/Die Grünen,Nordrhein-Westfalen,Münster,129,MariaKlSchmeink,Maria Klein-Schmeink
Kleinwächter,Norbert,AfD,,,,NKleinwaechter,Norbert Kleinwachter
Klingbeil,Lars,SPD,Niedersachsen,Rotenburg I – Heidekreis,35,larsklingbeil,Lars Klingbeil
Klinge,Dr. Marcel,FDP,,,,,Marcel Klinge
Kluckert,Daniela,FDP,,,,,Daniela Kluckert
Knoerig,Axel,CDU/CSU,Niedersachsen,Diepholz – Nienburg I,33,axel_knoerig,Axel Knoerig
Kober,Pascal,FDP,Baden-Württemberg,Reutlingen,289,pascalkober,Pascal Kober
Köhler,Dr. Lukas,FDP,Bayern,München-West/Mitte,220,,Lukas Kohler
König,Jörn,AfD,Niedersachsen,Stadt Hannover I,41,JoernKoenigAfD,Jorn Konig
Koeppen,Jens,CDU/CSU,Brandenburg,Uckermark – Barnim I,57,jenskoeppen,Jens Koeppen
Körber,Carsten,CDU/CSU,Sachsen,Zwickau,165,,Carsten Korber
Kofler,Dr. Bärbel,SPD,,,,baerbelkofler,Barbel Kofler
Kolbe,Daniela,SPD,Sachsen,Leipzig I,152,danielakolbe,Daniela Kolbe
Komning,Enrico,AfD,Mecklenburg-Vorpommern,Mecklenburgische Seenplatte I – Vorpommern-Greifswald II,16,EnricoKomning,Enrico Komning
Konrad,Carina,FDP,Rheinland-Pfalz,Mosel/Rhein-Hunsrück,200,carina_konrad,Carina Konrad
Koob,Markus,CDU/CSU,Hessen,Hochtaunus,176,koobmar,Markus Koob
Korkmaz-Emre,Elvan,SPD,Nordrhein-Westfalen,Gütersloh I,131,korkmazgt,Elvan Korkmaz-Emre
Korte,Jan,Die Linke,Sachsen-Anhalt,Anhalt,71,jankortemdb,Jan Korte
Kotré,Steffen,AfD,Brandenburg,,,steffenkotre,Steffen Kotre
Kotting-Uhl,Sylvia,Bündnis 90/Die Grünen,Baden-Württemberg,Karlsruhe-Stadt,271,BabettesChefin,Sylvia Kotting-Uhl
Kraft,Dr. Rainer,AfD,Bayern,Augsburg-Land,253,Dr_Rainer_Kraft,Rainer Kraft
Kramme,Anette,SPD,Bayern,Bayreuth,237,,Anette Kramme
Krauß,Alexander,CDU/CSU,Sachsen,Erzgebirgskreis I,164,,Alexander Krauss
Krellmann,Jutta,Die Linke,Niedersachsen,Hameln-Pyrmont – Holzminden,46,JuttaKrellmann,Jutta Krellmann
Krichbaum,Gunther,CDU/CSU,Baden-Württemberg,Pforzheim,279,,Gunther Krichbaum
Krings,Dr. Günter,CDU/CSU,Nordrhein-Westfalen,Mönchengladbach,109,guenterkrings,Gunter Krings
Krischer,Oliver,Bündnis 90/Die Grünen,Nordrhein-Westfalen,Düren,90,Oliver_Krischer,Oliver Krischer
Kruse,Rüdiger,CDU/CSU,Hamburg,Hamburg-Eimsbüttel,20,ruedigerkruse,Rudiger Kruse
Kubicki,Wolfgang,FDP,Schleswig-Holstein,Steinburg – Dithmarschen Süd,3,,Wolfgang Kubicki
Kühn (Tübingen),Christian,Bündnis 90/Die Grünen,Baden-Württemberg,Tübingen,290,ChrisKuehn_mdb,Christian Kuhn
Kühn (Dresden),Stephan,Bündnis 90/Die Grünen  *,,,,,Stephan Kuhn
Kühne,Dr. Roy,CDU/CSU,Niedersachsen,Goslar – Northeim – Osterode,52,dr_roy_kuehne,Roy Kuhne
Künast,Renate,Bündnis 90/Die Grünen,,,,renatekuenast,Renate Kunast
Kuffer,Michael,CDU/CSU,Bayern,München-Süd,219,MichaelKuffer,Michael Kuffer
Kuhle,Konstantin,FDP,Niedersachsen,Göttingen,53,konstantinkuhle,Konstantin Kuhle
Kulitz,Alexander,FDP,,,,,Alexander Kulitz
Kurth,Markus,Bündnis 90/Die Grünen,,,,markuskurthmdb,Markus Kurth
Lämmel,Andreas G.,CDU/CSU,Sachsen,Dresden I,159,,Andreas Lammel
Lambrecht,Christine,SPD,Hessen,Bergstraße,188,,Christine Lambrecht
Lambsdorff,Alexander Graf,FDP,,,,,Alexander Lambsdorff
Lamers,Prof. h. c. Dr. Karl A.,CDU/CSU,Baden-Württemberg,Heidelberg,274,,Karl Lamers
Landgraf,Katharina,CDU/CSU,,,,,Katharina Landgraf
Lange (Backnang),Christian,SPD,Baden-Württemberg,Backnang – Schwäbisch Gmünd,269,LangeMdB,Christian Lange
Lange,Ulrich,CDU/CSU,,,,UlrichLange,Ulrich Lange
Launert,Dr. Silke,CDU/CSU,,,,DrLaunert,Silke Launert
Lauterbach,Prof. Dr. Karl,SPD,Nordrhein-Westfalen,Leverkusen – Köln IV,101,karl_lauterbach,Karl Lauterbach
Lay,Caren,Die Linke,Sachsen,Bautzen I,156,CarenLay,Caren Lay
Lazar,Monika,Bündnis 90/Die Grünen,Sachsen,Leipzig II,153,monikalazar,Monika Lazar
Lechte,Ulrich,FDP,Bayern,Regensburg,233,,Ulrich Lechte
Lehmann,Jens,CDU/CSU,Sachsen,Leipzig I,152,,Jens Lehmann
Lehmann,Sven,Bündnis 90/Die Grünen,,,,svenlehmann,Sven Lehmann
Lehmann,Sylvia,SPD,Brandenburg,Dahme-Spreewald – Teltow-Fläming III – Oberspreewald-Lausitz I,62,,Sylvia Lehmann
Lehrieder,Paul,CDU/CSU,Bayern,Würzburg,251,,Paul Lehrieder
Leidig,Sabine,Die Linke,Hessen,Werra-Meißner – Hersfeld-Rotenburg,169,sabineleidig,Sabine Leidig
Leikert,Dr. Katja,CDU/CSU,Hessen,Hanau,180,kleikert,Katja Leikert
Lemke,Steffi,Bündnis 90/Die Grünen,,,,steffilemke,Steffi Lemke
Lenkert,Ralph,Die Linke,Thüringen,Jena – Sömmerda – Weimarer Land I,191,,Ralph Lenkert
Lenz,Dr. Andreas,CDU/CSU,Bayern,Erding – Ebersberg,213,DerLenzMdB,Andreas Lenz
Leutert,Michael,Die Linke,Sachsen,Chemnitz,162,MichaelLeutert,Michael Leutert
Leyen,Dr. Ursula von der,CDU/CSU  *,Niedersachsen,Stadt Hannover II,42,,Ursula Leyen
Lezius,Antje,CDU/CSU,Rheinland-Pfalz,Kreuznach,201,,Antje Lezius
Liebich,Stefan,Die Linke,Berlin,Berlin-Pankow,76,berlinliebich,Stefan Liebich
Lindh,Helge,SPD,Nordrhein-Westfalen,Wuppertal I,102,helgelindh,Helge Lindh
Lindholz,Andrea,CDU/CSU,Bayern,Aschaffenburg,247,AndreaLindholz,Andrea Lindholz
Lindner,Christian,FDP,Nordrhein-Westfalen,Rheinisch-Bergischer Kreis,100,,Christian Lindner
Lindner,Dr. Tobias,Bündnis 90/Die Grünen,,,,tobiaslindner,Tobias Lindner
Link,Michael Georg,FDP,Baden-Württemberg,Heilbronn,267,michael_g_link,Michael Link
Linnemann,Dr. Carsten,CDU/CSU,Nordrhein-Westfalen,Paderborn – Gütersloh III,137,,Carsten Linnemann
Lips,Patricia,CDU/CSU,Hessen,Odenwald,187,,Patricia Lips
Lischka,Burkhard,SPD  *,,,,,Burkhard Lischka
Löbel,Nikolas,CDU/CSU,Baden-Württemberg,Mannheim,275,NikolasLoebel,Nikolas Lobel
Lötzsch,Dr. Gesine,Die Linke,Berlin,Berlin-Lichtenberg,86,Team_GLoetzsch,Gesine Lotzsch
Loos,Bernhard,CDU/CSU,,,,,Bernhard Loos
Lotze,Hiltrud,SPD,Niedersachsen,Lüchow-Dannenberg – Lüneburg,37,HiltrudLotze,Hiltrud Lotze
Lucassen,Rüdiger,AfD,Nordrhein-Westfalen,Euskirchen – Rhein-Erft-Kreis II,92,MdB_Lucassen,Rudiger Lucassen
Luczak,Dr. Jan-Marco,CDU/CSU,Berlin,Berlin-Tempelhof-Schöneberg,81,JM_Luczak,Jan-Marco Luczak
Ludwig,Daniela,CDU/CSU,Bayern,Rosenheim,222,DaniLudwigMdB,Daniela Ludwig
Ludwig,Dr. Saskia,CDU/CSU,Brandenburg,Potsdam – Potsdam-Mittelmark II – Teltow-Fläming II,61,saskialudwig17,Saskia Ludwig
Lühmann,Kirsten,SPD,Niedersachsen,Celle – Uelzen,44,,Kirsten Luhmann
Luksic,Oliver,FDP,,,,,Oliver Luksic
Lutze,Thomas,Die Linke,Saarland,,,thlutze,Thomas Lutze
Maag,Karin,CDU/CSU,Baden-Württemberg,Stuttgart II,259,MaagKarin,Karin Maag
Maas,Heiko,SPD,Saarland,Saarlouis,297,HeikoMaas,Heiko Maas
Mackensen,Isabel,SPD,Rheinland-Pfalz,Neustadt – Speyer,208,IsabelMackensen,Isabel Mackensen
Magnitz,Frank,AfD,Bremen,Bremen II – Bremerhaven,55,Frank_Magnitz,Frank Magnitz
Magwas,Yvonne,CDU/CSU,Sachsen,Vogtlandkreis,166,YvonneMagwas,Yvonne Magwas
Maier,Jens,AfD,,,,JensMaierAfD,Jens Maier
Maier,Prof. Dr. Lothar,AfD,Baden-Württemberg,Stuttgart II,259,ProfMaier,Lothar Maier
Maizière,Dr. Thomas de,CDU/CSU,Sachsen,Meißen,155,,Thomas Maiziere
Malsack-Winkemann,Dr. Birgit,AfD,Berlin,,,MalsackWinkeman,Birgit Malsack-Winkemann
Manderla,Gisela,CDU/CSU,Nordrhein-Westfalen,Köln III,95,ManderlaGisela,Gisela Manderla
Mannes,Dr. Astrid,CDU/CSU,Hessen,Darmstadt,186,,Astrid Mannes
Mansmann,Till,FDP,Hessen,Bergstraße,188,,Till Mansmann
Marks,Caren,SPD,Niedersachsen,Hannover-Land I,43,,Caren Marks
Marschall,Matern von,CDU/CSU,Baden-Württemberg,Freiburg,281,,Matern Marschall
Martens,Dr. Jürgen,FDP,,,,,Jurgen Martens
Martin,Dorothee,SPD,Hamburg,Hamburg-Nord,21,Doro_Martin,Dorothee Martin
Marwitz,Hans-Georg von der,CDU/CSU,Brandenburg,Märkisch-Oderland – Barnim II,59,,Hans-Georg Marwitz
Mast,Katja,SPD,,,,KatjaMast,Katja Mast
Matschie,Christoph,SPD,Thüringen,Jena – Sömmerda – Weimarer Land I,191,matschie,Christoph Matschie
Mattfeldt,Andreas,CDU/CSU,,,,AMattfeldt,Andreas Mattfeldt
Mattheis,Hilde,SPD,Baden-Württemberg,Ulm,291,HildeMattheis,Hilde Mattheis
Mayer (Altötting),Stephan,CDU/CSU,Bayern,Altötting,212,,Stephan Mayer
Meiser,Pascal,Die Linke,Berlin,Berlin-Friedrichshain-Kreuzberg – Prenzlauer Berg Ost,83,pascalmeiser,Pascal Meiser
Meister,Dr. Michael,CDU/CSU,Hessen,Bergstraße,188,meister_schafft,Michael Meister
Merkel,Dr. Angela Dorothea,CDU/CSU,Mecklenburg-Vorpommern,Vorpommern-Rügen – Vorpommern-Greifswald I,15,,Angela Merkel
Metzler,Jan,CDU/CSU,,,,janmetzler,Jan Metzler
Meyer,Christoph,FDP,,,,,Christoph Meyer
Miazga,Corinna,AfD,Bayern,,,CorinnaMiazga,Corinna Miazga
Michelbach,Dr. h. c. (Univ Kyiv) Hans,CDU/CSU,,,,,(Univ Michelbach
Middelberg,Dr. Mathias,CDU/CSU,,,,,Mathias Middelberg
Miersch,Dr. Matthias,SPD,,,,,Matthias Miersch
Mieruch,Mario,fraktionslos,Nordrhein-Westfalen,Steinfurt I – Borken I,124,,Mario Mieruch
Mihalic,Dr. Irene,Bündnis 90/Die Grünen,Nordrhein-Westfalen,Gelsenkirchen,123,IreneMihalic,Irene Mihalic
Mindrup,Klaus,SPD,Berlin,Berlin-Pankow,76,klausmindrup,Klaus Mindrup
Mittag,Susanne,SPD,Niedersachsen,Delmenhorst – Wesermarsch – Oldenburg-Land,28,,Susanne Mittag
Möhring,Cornelia,Die Linke,Schleswig-Holstein,Pinneberg,7,conni_moehring,Cornelia Mohring
Möller,Siemtje,SPD,,,,SiemtjeMoeller,Siemtje Moller
Möring,Karsten,CDU/CSU,Nordrhein-Westfalen,Köln I,93,karstenmoering,Karsten Moring
Mohamed Ali,Amira,Die Linke,Niedersachsen,Oldenburg – Ammerland,27,,Amira Mohamed
Mohrs,Falko,SPD,,,,falkomohrs,Falko Mohrs
Moll,Claudia,SPD,Nordrhein-Westfalen,Aachen II,88,ClaudiaMollMdB,Claudia Moll
Monstadt,Dietrich,CDU/CSU,Mecklenburg-Vorpommern,Schwerin – Ludwigslust-Parchim I – Nordwestmecklenburg I,12,MdBMonstadt,Dietrich Monstadt
Mortler,Marlene,CDU/CSU  *,Bayern,Roth,246,,Marlene Mortler
Motschmann,Elisabeth,CDU/CSU,Bremen,Bremen I,54,ElisabethMotsc1,Elisabeth Motschmann
Movassat,Niema,Die Linke,Nordrhein-Westfalen,Oberhausen – Wesel III,117,niemamovassat,Niema Movassat
Mrosek,Andreas,AfD,Sachsen-Anhalt,Dessau – Wittenberg,70,mrosek1958,Andreas Mrosek
Müller,Alexander,FDP,Hessen,Rheingau-Taunus – Limburg,178,alexmuellerfdp,Alexander Muller
Müller,Axel,CDU/CSU,Baden-Württemberg,Ravensburg,294,,Axel Muller
Müller,Bettina,SPD,,,,BetMueller,Bettina Muller
Müller (Braunschweig),Carsten,CDU/CSU,,,,,Carsten Muller
Müller,Claudia,Bündnis 90/Die Grünen,,,,GruenClaudia,Claudia Muller
Müller (Chemnitz),Detlef,SPD,Sachsen,Chemnitz,162,muellerchemnitz,Detlef Muller
Müller,Dr. Gerd,CDU/CSU,Bayern,Oberallgäu,256,,Gerd Muller
Müller,Hansjörg,AfD,Bayern,Traunstein,225,MdB_Mueller_AfD,Hansjorg Muller
Müller (Potsdam),Norbert,Die Linke,Brandenburg,Potsdam – Potsdam-Mittelmark II – Teltow-Fläming II,61,norbert_mdb,Norbert Muller
Müller,Sepp,CDU/CSU,Sachsen-Anhalt,Dessau – Wittenberg,70,mueller_sepp,Sepp Muller
Müller (Erlangen),Stefan,CDU/CSU,Bayern,Erlangen,242,smuellermdb,Stefan Muller
Müller-Böhm,Roman,FDP,Nordrhein-Westfalen,Oberhausen – Wesel III,117,,Roman Muller-Bohm
Müller-Gemmeke,Beate,Bündnis 90/Die Grünen,Baden-Württemberg,Reutlingen,289,GrueneBeate,Beate Muller-Gemmeke
Müller-Rosentritt,Frank,FDP,Sachsen,Chemnitz,162,theliberalfrank,Frank Muller-Rosentritt
Müntefering,Michelle,SPD,Nordrhein-Westfalen,Herne – Bochum II,141,Mi_Muentefering,Michelle Muntefering
Münz,Volker,AfD,Baden-Württemberg,Göppingen,263,,Volker Munz
Münzenmaier,Sebastian,AfD,Rheinland-Pfalz,Mainz,205,s_muenzenmaier,Sebastian Munzenmaier
Mützenich,Dr. Rolf,SPD,Nordrhein-Westfalen,Köln III,95,,Rolf Mutzenich
Nahles,Andrea,SPD  *,Rheinland-Pfalz,Ahrweiler,198,,Andrea Nahles
Nastic,Zaklin,Die Linke,Hamburg,Hamburg-Eimsbüttel,20,zaklinnastic,Zaklin Nastic
Natterer,Christian,CDU/CSU,,,,,Christian Natterer
Nestle,Dr. Ingrid,Bündnis 90/Die Grünen,Schleswig-Holstein,Steinburg – Dithmarschen Süd,3,,Ingrid Nestle
Neu,Dr. Alexander S.,Die Linke,Nordrhein-Westfalen,Rhein-Sieg-Kreis I,97,alexandersneu,Alexander Neu
Neumann,Christoph,AfD,Sachsen,Leipzig I,152,Neumann_AfD,Christoph Neumann
Neumann,Prof. Dr. Martin,FDP,,,,,Martin Neumann
Nick,Dr. Andreas,CDU/CSU,Rheinland-Pfalz,Montabaur,204,DrAndreasNick,Andreas Nick
Nicolaisen,Petra,CDU/CSU,Schleswig-Holstein,Flensburg – Schleswig,1,,Petra Nicolaisen
Nietan,Dietmar,SPD,Nordrhein-Westfalen,Düren,90,,Dietmar Nietan
Nissen,Ulli,SPD,Hessen,Frankfurt am Main II,183,UlliNissen,Ulli Nissen
Nölke,Matthias,FDP,Hessen,Kassel,168,matthiasnoelke,Matthias Nolke
Noll,Michaela,CDU/CSU,Nordrhein-Westfalen,Mettmann I,104,,Michaela Noll
Nolte,Jan Ralf,AfD,Hessen,Waldeck,167,Jan_Nolte_AfD,Jan Nolte
Nord,Thomas,Die Linke,Brandenburg,Frankfurt (Oder) – Oder-Spree,63,NordMdb,Thomas Nord
Notz,Dr. Konstantin von,Bündnis 90/Die Grünen,Schleswig-Holstein,Herzogtum Lauenburg – Stormarn-Süd,10,KonstantinNotz,Konstantin Notz
Nouripour,Omid,Bündnis 90/Die Grünen,Hessen,Frankfurt am Main II,183,nouripour,Omid Nouripour
Nüßlein,Dr. Georg,CDU/CSU,Bayern,Neu-Ulm,255,,Georg Nusslein
Oehme,Ulrich,AfD,Sachsen,Chemnitzer Umland – Erzgebirgskreis II,163,Ulrich_Oehme,Ulrich Oehme
Oellers,Wilfried,CDU/CSU,Nordrhein-Westfalen,Heinsberg,89,WilfriedOellers,Wilfried Oellers
Özdemir,Cem,Bündnis 90/Die Grünen,Baden-Württemberg,Stuttgart I,258,cem_oezdemir,Cem Ozdemir
Özdemir (Duisburg),Mahmut,SPD,Nordrhein-Westfalen,Duisburg II,116,oezdemir_spd,Mahmut Ozdemir
Özoğuz,Aydan,SPD,Hamburg,Hamburg-Wandsbek,22,oezoguz,Aydan Ozoguz
Oppermann,Thomas,SPD  **,Niedersachsen,Göttingen,53,,Thomas Oppermann
Ortleb,Josephine,SPD,Saarland,Saarbrücken,296,joloulou,Josephine Ortleb
Oßner,Florian,CDU/CSU,Bayern,Landshut,228,Florian_Ossner,Florian Ossner
Ostendorff,Friedrich,Bündnis 90/Die Grünen,Nordrhein-Westfalen,Coesfeld – Steinfurt II,127,,Friedrich Ostendorff
Oster,Josef,CDU/CSU,Rheinland-Pfalz,Koblenz,199,josefoster,Josef Oster
Otte,Henning,CDU/CSU,Niedersachsen,Celle – Uelzen,44,,Henning Otte
Otten,Gerold,AfD,Bayern,München-Land,221,ttte94,Gerold Otten
Pahlmann,Ingrid,CDU/CSU,Niedersachsen,Gifhorn – Peine,45,,Ingrid Pahlmann
Pantel,Sylvia,CDU/CSU,Nordrhein-Westfalen,Düsseldorf II,107,SylviaPantel,Sylvia Pantel
Paschke,Markus,SPD,Niedersachsen,Unterems,25,markuspaschke,Markus Paschke
Pasemann,Frank,AfD,Sachsen-Anhalt,Magdeburg,69,Frank_Pasemann,Frank Pasemann
Patzelt,Martin,CDU/CSU,Brandenburg,Frankfurt (Oder) – Oder-Spree,63,MPatzeltCDU,Martin Patzelt
Pau,Petra,Die Linke,Berlin,Berlin-Marzahn-Hellersdorf,85,PetraPauMaHe,Petra Pau
Paus,Lisa,Bündnis 90/Die Grünen,Berlin,Berlin-Charlottenburg-Wilmersdorf,80,LisaPaus,Lisa Paus
Pellmann,Sören,Die Linke,Sachsen,Leipzig II,153,linkepelli,Soren Pellmann
Perli,Victor,Die Linke,Niedersachsen,Salzgitter – Wolfenbüttel,49,victorperli,Victor Perli
Peterka,Tobias Matthias,AfD,Bayern,Bayreuth,237,TobiasMPeterka,Tobias Peterka
Petry,Christian,SPD,,,,#!,Christian Petry
Petry,Dr. Frauke,fraktionslos,Sachsen,Sächsische Schweiz-Osterzgebirge,158,,Frauke Petry
Pfeiffer,Dr. Joachim,CDU/CSU,Baden-Württemberg,Waiblingen,264,,Joachim Pfeiffer
Pflüger,Tobias,Die Linke,,,,tpflueger,Tobias Pfluger
Pilger,Detlev,SPD,,,,,Detlev Pilger
Pilsinger,Stephan,CDU/CSU,Bayern,München-West/Mitte,220,stephpilsinger,Stephan Pilsinger
Ploß,Dr. Christoph,CDU/CSU,Hamburg,Hamburg-Nord,21,,Christoph Ploss
Podolay,Paul Viktor,AfD,Bayern,Erlangen,242,paul_podolay,Paul Podolay
Pohl,Jürgen,AfD,,,,Pohl_MdB,Jurgen Pohl
Polat,Filiz,Bündnis 90/Die Grünen,Niedersachsen,Osnabrück-Land,38,filizgreen,Filiz Polat
Pols,Eckhard,CDU/CSU,Niedersachsen,Lüchow-Dannenberg – Lüneburg,37,,Eckhard Pols
Poschmann,Sabine,SPD,Nordrhein-Westfalen,Dortmund II,143,,Sabine Poschmann
Post (Minden),Achim,SPD,Nordrhein-Westfalen,Minden-Lübbecke I,134,achim_p,Achim Post
Post,Florian,SPD,Bayern,München-Nord,217,FlorianPost,Florian Post
Pronold,Florian,SPD,Bayern,Rottal-Inn,230,florianpronold,Florian Pronold
Protschka,Stephan,AfD,Bayern,Rottal-Inn,230,ProtschkaStepha,Stephan Protschka
Raabe,Dr. Sascha,SPD,,,,,Sascha Raabe
Rabanus,Martin,SPD,,,,martinrabanus,Martin Rabanus
Rachel,Thomas,CDU/CSU,Nordrhein-Westfalen,Düren,90,_ThomasRachel,Thomas Rachel
Radomski,Kerstin,CDU/CSU,Nordrhein-Westfalen,Krefeld II – Wesel II,114,,Kerstin Radomski
Radwan,Alexander,CDU/CSU,Bayern,Bad Tölz-Wolfratshausen – Miesbach,223,AlexanderRadwan,Alexander Radwan
Rainer,Alois,CDU/CSU,Bayern,Straubing,231,,Alois Rainer
Ramsauer,Dr. Peter,CDU/CSU,Bayern,Traunstein,225,,Peter Ramsauer
Rawert,Mechthild,SPD,Berlin,Berlin-Tempelhof-Schöneberg,81,MechthildRawert,Mechthild Rawert
Rehberg,Eckhardt,CDU/CSU,,,,,Eckhardt Rehberg
Reichardt,Martin,AfD,Sachsen-Anhalt,,,M_Reichardt_AfD,Martin Reichardt
Reimann,Dr. Carola,SPD  *,Niedersachsen,Braunschweig,50,,Carola Reimann
Reinhold,Hagen,FDP,,,,,Hagen Reinhold
Remmers,Ingrid,Die Linke,,,,ingrid_remmers,Ingrid Remmers
Renner,Martin Erwin,AfD,Nordrhein-Westfalen,Mettmann I,104,Renner_AfD,Martin Renner
Renner,Martina,Die Linke,,,,martinarenner,Martina Renner
Reusch,Roman Johannes,AfD,Brandenburg,,,,Roman Reusch
Reuther,Bernd,FDP,Nordrhein-Westfalen,Wesel I,113,,Bernd Reuther
Riebsamen,Lothar,CDU/CSU,Baden-Württemberg,Bodensee,293,,Lothar Riebsamen
Rief,Josef,CDU/CSU,Baden-Württemberg,Biberach,292,,Josef Rief
Riexinger,Bernd,Die Linke,,,,b_riexinger,Bernd Riexinger
Rimkus,Andreas,SPD,,,,Andreas_Rimkus,Andreas Rimkus
Rix,Sönke,SPD,Schleswig-Holstein,Rendsburg-Eckernförde,4,SoenkeRix,Sonke Rix
Röring,Johannes,CDU/CSU,,,,,Johannes Roring
Röspel,René,SPD,,,,,Rene Rospel
Rößner,Tabea,Bündnis 90/Die Grünen,,,,TabeaRoessner,Tabea Rossner
Röttgen,Dr. Norbert,CDU/CSU,Nordrhein-Westfalen,Rhein-Sieg-Kreis II,98,n_roettgen,Norbert Rottgen
Rohde,Dennis,SPD,,,,DennisRohde,Dennis Rohde
Rosemann,Dr. Martin,SPD,Baden-Württemberg,Tübingen,290,MartinRosemann,Martin Rosemann
Rossmann,Dr. Ernst Dieter,SPD,,,,edrossmann,Ernst Rossmann
Roth (Augsburg),Claudia,Bündnis 90/Die Grünen,,,,,Claudia Roth
Roth (Heringen),Michael,SPD,Hessen,Werra-Meißner – Hersfeld-Rotenburg,169,MiRo_SPD,Michael Roth
Rottmann,Dr. Manuela,Bündnis 90/Die Grünen,,,,ManuelaRottmann,Manuela Rottmann
Rouenhoff,Stefan,CDU/CSU,Nordrhein-Westfalen,Kleve,112,StefanRouenhoff,Stefan Rouenhoff
Rüddel,Erwin,CDU/CSU,,,,erwin_rueddel,Erwin Ruddel
Rüffer,Corinna,Bündnis 90/Die Grünen,Rheinland-Pfalz,Trier,203,crueffer,Corinna Ruffer
Rüthrich,Susann,SPD,Sachsen,Meißen,155,,Susann Ruthrich
Rützel,Bernd,SPD,,,,ruetzelbernd,Bernd Rutzel
Ruppert,Dr. Stefan,FDP  *,,,,,Stefan Ruppert
Rupprecht,Albert,CDU/CSU,Bayern,Weiden,235,,Albert Rupprecht
Ryglewski,Sarah,SPD,Bremen,Bremen I,54,RyglewskiS,Sarah Ryglewski
Saathoff,Johann,SPD,Niedersachsen,Aurich – Emden,24,johann_saathoff,Johann Saathoff
Sarrazin,Manuel,Bündnis 90/Die Grünen,Hamburg,Hamburg-Bergedorf – Harburg,23,ManuelSarrazin,Manuel Sarrazin
Sattelberger,Dr. h. c. Thomas,FDP,Bayern,München-Süd,219,th_sattelberger,Thomas Sattelberger
Sauer,Stefan,CDU/CSU,Hessen,Groß-Gerau,184,,Stefan Sauer
Sauter,Christian,FDP,Nordrhein-Westfalen,Lippe I,135,,Christian Sauter
Schäfer (Saalstadt),Anita,CDU/CSU,Rheinland-Pfalz,Pirmasens,210,SchaeferCDU,Anita Schafer
Schäfer (Bochum),Axel,SPD,Nordrhein-Westfalen,Bochum I,140,,Axel Schafer
Schäffler,Frank,FDP,Nordrhein-Westfalen,Minden-Lübbecke I,134,f_schaeffler,Frank Schaffler
Schäuble,Dr. Wolfgang,CDU/CSU,Baden-Württemberg,Offenburg,284,,Wolfgang Schauble
Schauws,Ulle,Bündnis 90/Die Grünen,,,,ulle_schauws,Ulle Schauws
Scheer,Dr. Nina,SPD,Schleswig-Holstein,Herzogtum Lauenburg – Stormarn-Süd,10,ninascheer_SPD,Nina Scheer
Scheuer,Andreas,CDU/CSU,Bayern,Passau,229,AndiScheuer,Andreas Scheuer
Schick,Dr. Gerhard,Bündnis 90/Die Grünen  *,Baden-Württemberg,Mannheim,275,,Gerhard Schick
Schieder,Marianne,SPD,Bayern,Schwandorf,234,m_schieder,Marianne Schieder
Schiefner,Udo,SPD,Nordrhein-Westfalen,Viersen,111,UdoSchiefner,Udo Schiefner
Schielke-Ziesing,Ulrike,AfD,,,,ulschzi,Ulrike Schielke-Ziesing
Schimke,Jana,CDU/CSU,Brandenburg,Dahme-Spreewald – Teltow-Fläming III – Oberspreewald-Lausitz I,62,JanaSchimke,Jana Schimke
Schinnenburg,Dr. Wieland,FDP,Hamburg,Hamburg-Wandsbek,22,wschinnenburg,Wieland Schinnenburg
Schipanski,Tankred,CDU/CSU,,,,tschipanski,Tankred Schipanski
Schlund,Dr. Robby,AfD,,,,drrobbyschlund,Robby Schlund
Schmid,Dr. Nils,SPD,,,,nilsschmid,Nils Schmid
Schmidt (Fürth),Christian,CDU/CSU,,,,,Christian Schmidt
Schmidt (Wetzlar),Dagmar,SPD,,,,dieschmidt,Dagmar Schmidt
Schmidt,Dr. Frithjof,Bündnis 90/Die Grünen,,,,,Frithjof Schmidt
Schmidt,Stefan,Bündnis 90/Die Grünen,,,,Schmidt_MdB,Stefan Schmidt
Schmidt (Aachen),Ulla,SPD,,,,,Ulla Schmidt
Schmidt,Uwe,SPD,,,,,Uwe Schmidt
Schmidtke,Prof. Dr. Claudia,CDU/CSU,,,,,Claudia Schmidtke
Schneider (Erfurt),Carsten,SPD,,,,schneidercar,Carsten Schneider
Schneider,Jörg,AfD,,,,Schneider_AfD,Jorg Schneider
Schneidewind-Hartnagel,Charlotte,Bündnis 90/Die Grünen,,,,,Charlotte Schneidewind-Hartnagel
Schnieder,Patrick,CDU/CSU,,,,PSchnieder,Patrick Schnieder
Schön,Nadine,CDU/CSU,,,,NadineSchoen,Nadine Schon
Schraps,Johannes,SPD,,,,jschraps,Johannes Schraps
Schreiber,Eva-Maria,Die Linke,,,,mdb_schreiber,Eva-Maria Schreiber
Schreiner,Felix,CDU/CSU,,,,felixschreiner,Felix Schreiner
Schrodi,Michael,SPD,,,,mischrodi,Michael Schrodi
Schüle,Dr. Manja,SPD  *,,,,,Manja Schule
Schulte,Ursula,SPD,,,,,Ursula Schulte
Schulz,Jimmy,FDP  **,,,,,Jimmy Schulz
Schulz,Martin,SPD,,,,MartinSchulz,Martin Schulz
Schulz (Spandau),Swen,SPD,,,,swenschulz,Swen Schulz
Schulz,Uwe,AfD,,,,Uwe_Schulz_AfD,Uwe Schulz
Schulz-Asche,Kordula,Bündnis 90/Die Grünen,,,,K_SA,Kordula Schulz-Asche
Schulze,Dr. Klaus-Peter,CDU/CSU,,,,,Klaus-Peter Schulze
Schummer,Uwe,CDU/CSU,,,,UweSchummer,Uwe Schummer
Schurer,Ewald,SPD  **,,,,,Ewald Schurer
Schuster (Weil am Rhein),Armin,CDU/CSU  *,,,,,Armin Schuster
Schwabe,Frank,SPD,,,,FrankSchwabe,Frank Schwabe
Schwartze,Stefan,SPD,,,,s_schwartze,Stefan Schwartze
Schwarz,Andreas,SPD,,,,Schwarz_MdB,Andreas Schwarz
Schwarzelühr-Sutter,Rita,SPD,,,,rischwasu,Rita Schwarzeluhr-Sutter
Schweiger,Torsten,CDU/CSU,,,,cdu_schweiger,Torsten Schweiger
Seestern-Pauly,Matthias,FDP,,,,,Matthias Seestern-Pauly
Seif,Detlef,CDU/CSU,,,,,Detlef Seif
Seitz,Thomas,AfD,,,,Th_Seitz_AfD,Thomas Seitz
Selle,Johannes,CDU/CSU,,,,,Johannes Selle
Sendker,Reinhold,CDU/CSU,,,,,Reinhold Sendker
Sensburg,Prof. Dr. Patrick,CDU/CSU,,,,PatrickSensburg,Patrick Sensburg
Sichert,Martin,AfD,,,,AfDNbg,Martin Sichert
Siebert,Bernd,CDU/CSU,,,,berndsiebert,Bernd Siebert
Silberhorn,Thomas,CDU/CSU,,,,SilberhornMdB,Thomas Silberhorn
Simon,Björn,CDU/CSU,,,,,Bjorn Simon
Sitta,Frank,FDP,,,,,Frank Sitta
Sitte,Dr. Petra,Die Linke,,,,Petra_Sitte_MdB,Petra Sitte
Skudelny,Judith,FDP,,,,,Judith Skudelny
Solms,Dr. Hermann Otto,FDP,,,,,Hermann Solms
Sommer,Helin Evrim,Die Linke,,,,,Helin Sommer
Sorge,Tino,CDU/CSU,,,,TinoSorge,Tino Sorge
Spahn,Jens,CDU/CSU,,,,jensspahn,Jens Spahn
Spangenberg,Detlev,AfD,,,,,Detlev Spangenberg
Spaniel,Dr. Dirk,AfD,,,,DirkSpaniel,Dirk Spaniel
Spiering,Rainer,SPD,,,,,Rainer Spiering
Springer,René,AfD,,,,SpringerRen,Rene Springer
Stadler,Svenja,SPD,,,,stadler_svenja,Svenja Stadler
Staffler,Katrin,CDU/CSU,,,,katrin_staffler,Katrin Staffler
Stamm-Fibich,Martina,SPD,,,,stamm_fibich,Martina Stamm-Fibich
Stark-Watzinger,Bettina,FDP,,,,,Bettina Stark-Watzinger
Steffel,Frank,CDU/CSU,,,,franksteffel,Frank Steffel
Steffen,Sonja Amalie,SPD,,,,SteffenSonja,Sonja Steffen
Stefinger,Dr. Wolfgang,CDU/CSU,,,,StefingerMdB,Wolfgang Stefinger
Stegemann,Albert,CDU/CSU,,,,StegemannAlbert,Albert Stegemann
Steier,Andreas,CDU/CSU,,,,andreassteier,Andreas Steier
Stein,Mathias,SPD,,,,stonie_kiel,Mathias Stein
Stein (Rostock),Peter,CDU/CSU,,,,Peter_Stein_CDU,Peter Stein
Steineke,Sebastian,CDU/CSU,,,,SteinekeCDU,Sebastian Steineke
Steiniger,Johannes,CDU/CSU,,,,josteiniger,Johannes Steiniger
Steinke,Kersten,Die Linke,,,,,Kersten Steinke
Stetten,Christian Freiherr von,CDU/CSU,,,,,Christian Stetten
Stier,Dieter,CDU/CSU,,,,,Dieter Stier
Storch,Beatrix von,AfD,,,,Beatrix_vStorch,Beatrix Storch
Storjohann,Gero,CDU/CSU,,,,gero_storjohann,Gero Storjohann
Strack-Zimmermann,Dr. Marie-Agnes,FDP,,,,,Marie-Agnes Strack-Zimmermann
Stracke,Stephan,CDU/CSU,,,,,Stephan Stracke
Straetmanns,Friedrich,Die Linke,,,,FrStraetmanns,Friedrich Straetmanns
Strasser,Benjamin,FDP,,,,,Benjamin Strasser
Straubinger,Max,CDU/CSU,,,,,Max Straubinger
Strengmann-Kuhn,Dr. Wolfgang,Bündnis 90/Die Grünen,,,,W_SK,Wolfgang Strengmann-Kuhn
Strenz,Karin,CDU/CSU,,,,,Karin Strenz
Stübgen,Michael,CDU/CSU  *,,,,,Michael Stubgen
Stumpp,Margit,Bündnis 90/Die Grünen,,,,margit_stumpp,Margit Stumpp
Suding,Katja,FDP,,,,,Katja Suding
Tack,Kerstin,SPD,,,,,Kerstin Tack
Tackmann,Dr. Kirsten,Die Linke,,,,KirstenTackmann,Kirsten Tackmann
Tatti,Jessica,Die Linke,,,,,Jessica Tatti
Tauber,Dr. Peter,CDU/CSU,,,,petertauber,Peter Tauber
Tausend,Claudia,SPD,,,,,Claudia Tausend
Tebroke,Dr. Hermann-Josef,CDU/CSU,,,,,Hermann-Josef Tebroke
Teuteberg,Linda,FDP,,,,,Linda Teuteberg
Theurer,Michael,FDP,,,,,Michael Theurer
Thews,Michael,SPD,,,,michael_thews,Michael Thews
Thies,Hans-Jürgen,CDU/CSU,,,,,Hans-Jurgen Thies
Thomae,Stephan,FDP,,,,,Stephan Thomae
Throm,Alexander,CDU/CSU,,,,alexander_throm,Alexander Throm
Tiemann,Dr. Dietlind,CDU/CSU,,,,dr_tiemann,Dietlind Tiemann
Tillmann,Antje,CDU/CSU,,,,AntjeTillmann,Antje Tillmann
Todtenhausen,Manfred,FDP,,,,,Manfred Todtenhausen
Töns,Markus,SPD,,,,toens_NRW04,Markus Tons
Toncar,Dr. Florian,FDP,,,,,Florian Toncar
Träger,Carsten,SPD,,,,carstentraeger,Carsten Trager
Tressel,Markus,Bündnis 90/Die Grünen,,,,MarkusTressel,Markus Tressel
Trittin,Jürgen,Bündnis 90/Die Grünen,,,,#!,Jurgen Trittin
Uhl,Markus,CDU/CSU,,,,MdBMarkusUhl,Markus Uhl
Ullmann,Prof. Dr. Andrew,FDP,,,,,Andrew Ullmann
Ullrich,Gerald,FDP,,,,,Gerald Ullrich
Ullrich,Dr. Volker,CDU/CSU,,,,VolkerUllrich,Volker Ullrich
Ulrich,Alexander,Die Linke,,,,,Alexander Ulrich
Vaatz,Arnold,CDU/CSU,,,,,Arnold Vaatz
Veith,Oswin,CDU/CSU  *,,,,,Oswin Veith
Verlinden,Dr. Julia,Bündnis 90/Die Grünen,,,,julia_verlinden,Julia Verlinden
Vieregge,Kerstin,CDU/CSU,,,,,Kerstin Vieregge
Völlers,Marja-Liisa,SPD,,,,MarjaVoellers,Marja-Liisa Vollers
Vöpel,Dirk,SPD,,,,,Dirk Vopel
Vogel (Olpe),Johannes,FDP,,,,,Johannes Vogel
Vogel (Kleinsaara),Volkmar,CDU/CSU,,,,,Volkmar Vogel
Vogler,Kathrin,Die Linke,,,,voglerk,Kathrin Vogler
Vogt,Ute,SPD,,,,utevogt,Ute Vogt
Vries,Christoph de,CDU/CSU,,,,,Christoph Vries
Vries,Kees de,CDU/CSU,,,,,Kees Vries
Wadephul,Dr. Johann David,CDU/CSU,,,,JoWadephul,Johann Wadephul
Wagenknecht,Dr. Sahra,Die Linke,,,,SWagenknecht,Sahra Wagenknecht
Wagner,Andreas,Die Linke,,,,andi_wagner,Andreas Wagner
Wagner,Daniela,Bündnis 90/Die Grünen,,,,danywagner_da,Daniela Wagner
Walter-Rosenheimer,Beate,Bündnis 90/Die Grünen,,,,beatewaro,Beate Walter-Rosenheimer
Wanderwitz,Marco,CDU/CSU,,,,wanderwitz,Marco Wanderwitz
Warken,Nina,CDU/CSU,,,,ninawarken,Nina Warken
Weber,Gabi,SPD,,,,GabiWeberSPD,Gabi Weber
Weeser,Sandra,FDP,,,,,Sandra Weeser
Wegner,Kai,CDU/CSU,,,,kaiwegner,Kai Wegner
Weidel,Dr. Alice,AfD,,,,alice_weidel,Alice Weidel
Weiler,Albert H.,CDU/CSU,,,,,Albert Weiler
Weinberg,Harald,Die Linke,,,,haraldweinberg,Harald Weinberg
Weinberg (Hamburg),Marcus,CDU/CSU,,,,marcusweinberg,Marcus Weinberg
Weingarten,Dr. Joe,SPD,,,,drjoeweingarten,Joe Weingarten
Weisgerber,Dr. Anja,CDU/CSU,,,,anjaweisgerber,Anja Weisgerber
Weiß (Emmendingen),Peter,CDU/CSU,,,,PeterWeissMdB,Peter Weiss
Weiss (Wesel I),Sabine,CDU/CSU,,,,,Sabine Weiss
Wellenreuther,Ingo,CDU/CSU,,,,Wellenreuther,Ingo Wellenreuther
Wendt,Marian,CDU/CSU,,,,MdbWendt,Marian Wendt
Werner,Katrin,Die Linke,,,,katrin_werner,Katrin Werner
Westig,Nicole,FDP,,,,,Nicole Westig
Westphal,Bernd,SPD,,,,BerndWestphal4,Bernd Westphal
Wetzel,Wolfgang,Bündnis 90/Die Grünen,,,,,Wolfgang Wetzel
Weyel,Prof. Dr. Harald,AfD,,,,h_weyel,Harald Weyel
Whittaker,Kai,CDU/CSU,,,,Kai_Whittaker,Kai Whittaker
Widmann-Mauz,Annette,CDU/CSU,,,,AWidmannMauz,Annette Widmann-Mauz
Wiehle,Wolfgang,AfD,,,,WolfgangWiehle,Wolfgang Wiehle
Wiese,Dirk,SPD,,,,DirkWieseSPD,Dirk Wiese
Wiesmann,Bettina Margarethe,CDU/CSU,,,,,Bettina Wiesmann
Wildberg,Dr. Heiko,AfD,,,,Heiko_Wildberg,Heiko Wildberg
Willkomm,Katharina,FDP,,,,,Katharina Willkomm
Willsch,Klaus-Peter,CDU/CSU,,,,,Klaus-Peter Willsch
Winkelmeier-Becker,Elisabeth,CDU/CSU,,,,,Elisabeth Winkelmeier-Becker
Wirth,Dr. Christian,AfD,,,,ChrWirthMdB,Christian Wirth
Witt,Uwe,AfD,,,,Witt_Uwe,Uwe Witt
Wittke,Oliver,CDU/CSU,,,,,Oliver Wittke
Yüksel,Gülistan,SPD,,,,,Gulistan Yuksel
Zdebel,Hubertus,Die Linke,,,,,Hubertus Zdebel
Zech,Tobias,CDU/CSU,,,,,Tobias Zech
Zeulner,Emmi,CDU/CSU,,,,,Emmi Zeulner
Zickenheiner,Gerhard,Bündnis 90/Die Grünen,,,,,Gerhard Zickenheiner
Ziegler,Dagmar,SPD,,,,,Dagmar Ziegler
Ziemiak,Paul,CDU/CSU,,,,PaulZiemiak,Paul Ziemiak
Zierke,Stefan,SPD,,,,zierke,Stefan Zierke
Zimmer,Prof. Dr. Matthias,CDU/CSU,,,,matthiaszimmer,Matthias Zimmer
Zimmermann,Dr. Jens,SPD,,,,JensZimmermann1,Jens Zimmermann
Zimmermann,Pia,Die Linke,,,,,Pia Zimmermann
Zimmermann (Zwickau),Sabine,Die Linke,,,,,Sabine Zimmermann
